var,page,context
PROCEDURES,1,ENTRY PROCEDURES AND CRITERIA FOR ENROLLMENT
PROCEDURES,2,ENTRY PROCEDURES AND CRITERIA FOR ENROLLMENT
AEDTC,7,"--DTC [AEDTC, CMDTC, DMDTC, SCDTC, QSDTC, VSDTC, DSDTC, MHDTC]when VISITNUM=""1"""
CMDTC,7,"--DTC [AEDTC, CMDTC, DMDTC, SCDTC, QSDTC, VSDTC, DSDTC, MHDTC]when VISITNUM=""1"""
DM30102,7,"ID301, IC30101, DM30102"
DMDTC,7,"--DTC [AEDTC, CMDTC, DMDTC, SCDTC, QSDTC, VSDTC, DSDTC, MHDTC]when VISITNUM=""1"""
DSDTC,7,"--DTC [AEDTC, CMDTC, DMDTC, SCDTC, QSDTC, VSDTC, DSDTC, MHDTC]when VISITNUM=""1"""
DSSTDTC,7,"--STDTC [SVSTDTC, DSSTDTC]when VISITNUM=""1"""
MHDTC,7,"--DTC [AEDTC, CMDTC, DMDTC, SCDTC, QSDTC, VSDTC, DSDTC, MHDTC]when VISITNUM=""1"""
QSDTC,7,"--DTC [AEDTC, CMDTC, DMDTC, SCDTC, QSDTC, VSDTC, DSDTC, MHDTC]when VISITNUM=""1"""
RACE,7,RACE
SCDTC,7,"--DTC [AEDTC, CMDTC, DMDTC, SCDTC, QSDTC, VSDTC, DSDTC, MHDTC]when VISITNUM=""1"""
SEX,7,SEX
STUDYID,7,"STUDYID when STUDYID=""CDISCPILOT01"""
SVSTDTC,7,"--STDTC [SVSTDTC, DSSTDTC]when VISITNUM=""1"""
VISIT,7,"VISIT when VISITNUM=""1"""
VISITNUM,7,"VISIT when VISITNUM=""1"""
VSDTC,7,"--DTC [AEDTC, CMDTC, DMDTC, SCDTC, QSDTC, VSDTC, DSDTC, MHDTC]when VISITNUM=""1"""
QS407,8,"QS407, HB31205, HB30902"
SCORRES,8,"SCORRESwhen SCTESTCD=""YEARSEDU"""
SCORRESU,8,"SCORRESUwhen SCTESTCD=""YEARSEDU"""
SCTESTCD,8,"SCTESTCDwhen SCTESTCD=""YEARSEDU"""
QS343,10,QS343
QSCAT,10,"QSCATwhen QSCAT=""MINI-MENTAL STATE"""
QSORRES,10,"QSORRESwhen QSTESTCD=""MMITM01"""
QSSCAT,10,"QSSCATwhen QSSCAT=""Orientation"""
QSTESTCD,10,"QSORRESwhen QSTESTCD=""MMITM01"""
MHITM01,11,"QSTESTCDwhen QSTESTCD=""MHITM01"""
MHITM02,11,"QSTESTCDwhen QSTESTCD=""MHITM02"""
MHITM03,11,"QSTESTCDwhen QSTESTCD=""MHITM03"""
MHITM04,11,"QSTESTCDwhen QSTESTCD=""MHITM04"""
MHITM05,11,"QSTESTCDwhen QSTESTCD=""MHITM05"""
MHITM06,11,"QSTESTCDwhen QSTESTCD=""MHITM06"""
MHITM07,11,"QSTESTCDwhen QSTESTCD=""MHITM07"""
MHITM08,11,"QSTESTCDwhen QSTESTCD=""MHITM08"""
MHITM09,11,"QSTESTCDwhen QSTESTCD=""MHITM09"""
MHITM10,11,"QSTESTCDwhen QSTESTCD=""MHITM10"""
MHITM11,11,"QSTESTCDwhen QSTESTCD=""MHITM11"""
MHITM12,11,"QSTESTCDwhen QSTESTCD=""MHITM12"""
MHITM13,11,"QSTESTCDwhen QSTESTCD=""MHITM13"""
QS342,11,QS342
QSCAT,11,"QSCATwhen QSCAT=""MODIFIED HACHINSKI ISCHEMIC SCORE"""
QSORRES,11,"QSORRESwhen QSTESTCD=""MHITM01"""
QSTESTCD,11,"QSTESTCDwhen QSTESTCD=""MHITM01"""
SCORE,11,"QSCATwhen QSCAT=""MODIFIED HACHINSKI ISCHEMIC SCORE"""
MHSTDTC,12,MHSTDTC
MHTERM,12,"MHTERM when MHTERM=""ALZHEIMER'S DISEASE"""
EXTRAPYRAMIDAL,13,EXTRAPYRAMIDAL FINDINGS
MHSPID,14,"MHSPID when MHSPID is E01, E02, etc."
MHSTDTC,14,"MHSTDTC  when MHTERM≠""ALZHEIMER'S DISEASE"""
MHTERM,14,MHTERM
PRESENT,14,"NO LONGER PRESENT. If exact date is unknown, enter the month and year. A year MUST be entered."
MHSTDTC,15,"MHSTDTC  when MHTERM≠""ALZHEIMER'S DISEASE"""
MHTERM,15,MHTERM
PRESENT,15,"NO LONGER PRESENT. If exact date is unknown, enter the month and year. A year MUST be entered."
PE30201,16,"PE30301, PE30201, VS31109"
PE30301,16,"PE30301, PE30201, VS31109"
PRESSURE,16,HEART RATE AND BLOOD PRESSURE
VS31109,16,"PE30301, PE30201, VS31109"
VSORRES,16,"VSORRESwhen VSTESTCD=""PULSE"""
VSORRESU,16,"VSORRESUwhen VSTESTCD=""PULSE"""
VSPOS,16,VSPOS
VSTESTCD,16,"VSTESTCDwhen VSTESTCD=""HEIGHT"""
VSTPT,16,VSTPT
VSTPTNUM,16,VSTPTNUM
CM30503,17,"VS303, EG301, CM30503"
EG301,17,"VS303, EG301, CM30503"
TEMPERATURE,17,VITAL SIGNS : TEMPERATURE
VS303,17,"VS303, EG301, CM30503"
VSLOC,17,"VSLOCwhen VSTESTCD=""TEMP"""
VSORRES,17,"VSORRESwhen VSTESTCD=""TEMP"""
VSORRESU,17,"VSORRESUwhen VSTESTCD=""TEMP"""
VSTESTCD,17,"VSTESTCDwhen VSTESTCD=""TEMP"""
CM30503,18,"XR301, CM30503"
CM30503,19,"PR35301, CM30503"
PR35301,19,"PR35301, CM30503"
PROCEDURE,19,PROCEDURE : MRI
CM30503,20,"PR35301, CM30503"
PR35301,20,"PR35301, CM30503"
PROCEDURE,20,PROCEDURE : CT SCAN
CM30501,21,CM30501
VISIT,21,COMMENTS : VISIT
AEDTC,22,"--DTC [AEDTC, CMDTC, QSDTC, VSDTC, DSDTC]when VISITNUM=""2"""
CMDTC,22,"--DTC [AEDTC, CMDTC, QSDTC, VSDTC, DSDTC]when VISITNUM=""2"""
DSDTC,22,"--DTC [AEDTC, CMDTC, QSDTC, VSDTC, DSDTC]when VISITNUM=""2"""
DSSTDTC,22,"--STDTC [SVSTDTC, DSSTDTC]when VISITNUM=""2"""
PRESSURE,22,HEART RATE AND BLOOD PRESSURE
QSDTC,22,"--DTC [AEDTC, CMDTC, QSDTC, VSDTC, DSDTC]when VISITNUM=""2"""
SVSTDTC,22,"--STDTC [SVSTDTC, DSSTDTC]when VISITNUM=""2"""
VISIT,22,"VISIT when VISITNUM=""2"""
VISITNUM,22,"VISIT when VISITNUM=""2"""
VS31109,22,"ID301, VS31109"
VSDTC,22,"--DTC [AEDTC, CMDTC, QSDTC, VSDTC, DSDTC]when VISITNUM=""2"""
VSORRES,22,"VSORRESwhen VSTESTCD=""PULSE"""
VSORRESU,22,"VSORRESUwhen VSTESTCD=""PULSE"""
VSPOS,22,VSPOS
VSTESTCD,22,"VSTESTCDwhen VSTESTCD=""SYSBP"""
VSTPT,22,VSTPT
VSTPTNUM,22,VSTPTNUM
CM30503,23,"VS303, PR35302, CM30503"
PR35302,23,"VS303, PR35302, CM30503"
PROCEDURE,23,PROCEDURE : AMBULATORY ECG
TEMPERATURE,23,VITAL SIGNS : TEMPERATURE
VS303,23,"VS303, PR35302, CM30503"
VSLOC,23,"VSLOCwhen VSTESTCD=""TEMP"""
VSORRES,23,"VSORRESwhen VSTESTCD=""TEMP"""
VSORRESU,23,"VSORRESUwhen VSTESTCD=""TEMP"""
VSTESTCD,23,"VSTESTCDwhen VSTESTCD=""TEMP"""
CM30501,24,CM30501
VISIT,24,COMMENTS : VISIT
AEDTC,25,"--DTC [AEDTC, CMDTC, QSDTC, VSDTC, DSDTC]when VISITNUM=""3"""
CMDTC,25,"--DTC [AEDTC, CMDTC, QSDTC, VSDTC, DSDTC]when VISITNUM=""3"""
DAILY,25,STUDY DRUG : DAILY PRESCRIBED DOSAGE
DSDTC,25,"--DTC [AEDTC, CMDTC, QSDTC, VSDTC, DSDTC]when VISITNUM=""3"""
DSSTDTC,25,"--STDTC [SVSTDTC, EXSTDTC, DSSTDTC]when VISITNUM=""3"""
EXSTDTC,25,"--STDTC [SVSTDTC, EXSTDTC, DSSTDTC]when VISITNUM=""3"""
PRESCRIBED,25,STUDY DRUG : DAILY PRESCRIBED DOSAGE
QSDTC,25,"--DTC [AEDTC, CMDTC, QSDTC, VSDTC, DSDTC]when VISITNUM=""3"""
SVSTDTC,25,"--STDTC [SVSTDTC, EXSTDTC, DSSTDTC]when VISITNUM=""3"""
VISIT,25,"VISIT when VISITNUM=""3"""
VISITNUM,25,"VISITNUM when VISITNUM=""3"""
VSDTC,25,"--DTC [AEDTC, CMDTC, QSDTC, VSDTC, DSDTC]when VISITNUM=""3"""
QS572,26,QS572
QSCAT,26,"QSCATwhen QSCAT=""ALZHEIMER'S DISEASE ASSESSMENT SCALE"""
QSORRES,26,"QSORRESwhen QSTESTCD=""ACITM01"""
QSTESTCD,26,"QSTESTCDwhen QSTESTCD=""ACITM01"""
SCALE,26,"QSCATwhen QSCAT=""ALZHEIMER'S DISEASE ASSESSMENT SCALE"""
QS570,27,QS570
QSCAT,27,"QSCATwhen QSCAT=""NEUROPSYCHIATRIC INVENTORY - REVISED (NPI-X)"""
QSORRES,27,"QSORRESwhen QSTESTCD=""NPITM02"""
QSSCAT,27,"QSSCATwhen QSCAT=""NEUROPSYCHIATRIC INVENTORY - REVISED (NPI-X)"" andwhen QSSCAT=""DELUSIONS"" andwhen QSTESTCD=""NPITM02"" or when QSTESTCD=""NPITM03"" or when QSTESTCD=""NPITM04"" orwhen QSTESTCD=""NPITM05"""
QSTESTCD,27,"QSTESTCDwhen QSTESTCD=""NPITM02"""
DAITM01,28,"QSTESTCDwhen QSTESTCD=""DAITM01"""
DAITM02,28,"QSTESTCDwhen QSTESTCD=""DAITM02"""
DAITM03,28,"QSTESTCDwhen QSTESTCD=""DAITM03"""
DAITM04,28,"QSTESTCDwhen QSTESTCD=""DAITM04"""
DAITM05,28,"QSTESTCDwhen QSTESTCD=""DAITM05"""
DAITM06,28,"QSTESTCDwhen QSTESTCD=""DAITM06"""
DAITM07,28,"QSTESTCDwhen QSTESTCD=""DAITM07"""
DAITM08,28,"QSTESTCDwhen QSTESTCD=""DAITM08"""
DAITM09,28,"QSORRESwhen QSTESTCD=""DAITM09"""
DAITM10,28,"QSTESTCDwhen QSTESTCD=""DAITM10"""
DAITM11,28,"QSTESTCDwhen QSTESTCD=""DAITM11"""
DAITM12,28,"QSORRESwhen QSTESTCD=""DAITM12"""
DAITM13,28,"QSTESTCDwhen QSTESTCD=""DAITM13"""
DAITM14,28,"QSTESTCDwhen QSTESTCD=""DAITM14"""
DAITM15,28,"QSORRESwhen QSTESTCD=""DAITM15"""
DAITM16,28,"QSORRESwhen QSTESTCD=""DAITM16"""
DAITM17,28,"QSORRESwhen QSTESTCD=""DAITM17"""
DAITM18,28,"QSORRESwhen QSTESTCD=""DAITM18"""
DAITM19,28,"QSORRESwhen QSTESTCD=""DAITM19"""
DAITM20,28,"QSORRESwhen QSTESTCD=""DAITM20"""
PREPARATION,28,"QSSCATwhen QSSCAT=""MEAL PREPARATION"""
QS571,28,QS571
QSCAT,28,"QSCATwhen QSCAT=""DISABILITY ASSESSMENT FOR DEMENTIA (DAD)"""
QSORRES,28,"QSORRESwhen QSTESTCD=""DAITM01"""
QSSCAT,28,"QSSCATwhen QSSCAT=""HYGIENE"""
QSTESTCD,28,"QSTESTCDwhen QSTESTCD=""DAITM01"""
SCORING,28,SCORING:
DAITM21,29,"QSORRESwhen QSTESTCD=""DAITM21"""
DAITM22,29,"QSTESTCDwhen QSTESTCD=""DAITM22"""
DAITM23,29,"QSTESTCDwhen QSTESTCD=""DAITM23"""
DAITM24,29,"QSTESTCDwhen QSTESTCD=""DAITM24"""
DAITM25,29,"QSTESTCDwhen QSTESTCD=""DAITM25"""
DAITM26,29,"QSTESTCDwhen QSTESTCD=""DAITM26"""
DAITM27,29,"QSTESTCDwhen QSTESTCD=""DAITM27"""
DAITM28,29,"QSTESTCDwhen QSTESTCD=""DAITM28"""
DAITM29,29,"QSTESTCDwhen QSTESTCD=""DAITM29"""
DAITM30,29,"QSTESTCDwhen QSTESTCD=""DAITM30"""
DAITM31,29,"QSTESTCDwhen QSTESTCD=""DAITM31"""
DAITM32,29,"QSTESTCDwhen QSTESTCD=""DAITM32"""
DAITM33,29,"QSTESTCDwhen QSTESTCD=""DAITM33"""
DAITM34,29,"QSTESTCDwhen QSTESTCD=""DAITM34"""
DAITM35,29,"QSTESTCDwhen QSTESTCD=""DAITM35"""
DAITM36,29,"QSTESTCDwhen QSTESTCD=""DAITM36"""
DAITM37,29,"QSTESTCDwhen QSTESTCD=""DAITM37"""
DAITM38,29,"QSTESTCDwhen QSTESTCD=""DAITM38"""
DAITM39,29,"QSTESTCDwhen QSTESTCD=""DAITM39"""
DAITM40,29,"QSTESTCDwhen QSTESTCD=""DAITM40"""
HOUSEWORK,29,"QSSCATwhen QSSCAT=""LEISURE AND HOUSEWORK"""
QS571,29,QS571
QSORRES,29,"QSORRESwhen QSTESTCD=""DAITM21"""
QSSCAT,29,"QSSCATwhen QSSCAT=""TELEPHONING"""
QSTESTCD,29,"QSORRESwhen QSTESTCD=""DAITM21"""
SCORING,29,SCORING:
TELEPHONING,29,"QSSCATwhen QSSCAT=""TELEPHONING"""
PE30301,30,"PE30301, VS31109, VS303"
PRESSURE,30,HEART RATE AND BLOOD PRESSURE
TEMPERATURE,30,VITAL SIGNS : TEMPERATURE
VS303,30,"PE30301, VS31109, VS303"
VS31109,30,"PE30301, VS31109, VS303"
VSLOC,30,"VSLOCwhen VSTESTCD=""TEMP"""
VSORRES,30,"VSORRESwhen VSTESTCD=""WEIGHT"""
VSORRESU,30,"VSORRESUwhen VSTESTCD=""WEIGHT"""
VSPOS,30,VSPOS
VSTESTCD,30,"VSTESTCDwhen VSTESTCD=""WEIGHT"""
VSTPT,30,VSTPT
VSTPTNUM,30,VSTPTNUM
CM30501,31,CM30501
VISIT,31,COMMENTS : VISIT
AEDTC,32,"--DTC [AEDTC, CMDTC, QSDTC, VSDTC, DSDTC]when VISITNUM=""3e"""
CMDTC,32,"--DTC [AEDTC, CMDTC, QSDTC, VSDTC, DSDTC]when VISITNUM=""3e"""
DAILY,32,STUDY DRUG : DAILY PRESCRIBED DOSAGE
DSDTC,32,"--DTC [AEDTC, CMDTC, QSDTC, VSDTC, DSDTC]when VISITNUM=""3e"""
DSSTDTC,32,"--STDTC [SVSTDTC, EXSTDTC, DSSTDTC]when VISITNUM=""3e"""
EXSTDTC,32,"--STDTC [SVSTDTC, EXSTDTC, DSSTDTC]when VISITNUM=""3e"""
PRESCRIBED,32,STUDY DRUG : DAILY PRESCRIBED DOSAGE
QSDTC,32,"--DTC [AEDTC, CMDTC, QSDTC, VSDTC, DSDTC]when VISITNUM=""3e"""
SVSTDTC,32,"--STDTC [SVSTDTC, EXSTDTC, DSSTDTC]when VISITNUM=""3e"""
VISIT,32,"VISIT when VISITNUM=""3e"""
VISITNUM,32,"VISIT when VISITNUM=""3e"""
VSDTC,32,"--DTC [AEDTC, CMDTC, QSDTC, VSDTC, DSDTC]when VISITNUM=""3e"""
PRESSURE,33,HEART RATE AND BLOOD PRESSURE
TEMPERATURE,33,VITAL SIGNS : TEMPERATURE
VS303,33,"VS31109, VS303"
VS31109,33,"VS31109, VS303"
VSLOC,33,"VSLOCwhen VSTESTCD=""TEMP"""
VSORRES,33,"VSORRESwhen VSTESTCD=""TEMP"""
VSORRESU,33,"VSORRESUwhen VSTESTCD=""TEMP"""
VSPOS,33,VSPOS
VSTESTCD,33,"VSTESTCDwhen VSTESTCD=""TEMP"""
VSTPT,33,VSTPT
VSTPTNUM,33,VSTPTNUM
CM30503,34,"PR35302, CM30503"
PR35302,34,"PR35302, CM30503"
PROCEDURE,34,PROCEDURE : AMBULATORY ECG
CM30501,35,CM30501
VISIT,35,COMMENTS : VISIT
AEDTC,36,"--DTC [AEDTC, CMDTC, QSDTC, VSDTC, DSDTC]when VISITNUM=""4"""
CMDTC,36,"--DTC [AEDTC, CMDTC, QSDTC, VSDTC, DSDTC]when VISITNUM=""4"""
DSDTC,36,"--DTC [AEDTC, CMDTC, QSDTC, VSDTC, DSDTC]when VISITNUM=""4"""
DSSTDTC,36,"--STDTC [SVSTDTC, EXSTDTC, DSSTDTC]when VISITNUM=""4"""
EXSTDTC,36,"--STDTC [SVSTDTC, EXSTDTC, DSSTDTC]when VISITNUM=""4"""
QSDTC,36,"--DTC [AEDTC, CMDTC, QSDTC, VSDTC, DSDTC]when VISITNUM=""4"""
SVSTDTC,36,"--STDTC [SVSTDTC, EXSTDTC, DSSTDTC]when VISITNUM=""4"""
VISIT,36,"VISIT when VISITNUM=""4"""
VISITNUM,36,"VISIT when VISITNUM=""4"""
VSDTC,36,"--DTC [AEDTC, CMDTC, QSDTC, VSDTC, DSDTC]when VISITNUM=""4"""
DAILY,37,STUDY DRUG : DAILY PRESCRIBED DOSAGE
PRESCRIBED,37,STUDY DRUG : DAILY PRESCRIBED DOSAGE
PREVIOUS,37,STUDY DRUG : PATCH ADHERENCE - PREVIOUS THREE DOSES
QS570,38,QS570
QSCAT,38,"QSCATwhen QSCAT=""NEUROPSYCHIATRIC INVENTORY - REVISED (NPI-X)"""
QSORRES,38,"QSORRESwhen QSTESTCD=""NPITM02"""
QSSCAT,38,"QSSCATwhen QSCAT=""NEUROPSYCHIATRIC INVENTORY - REVISED (NPI-X)"" andwhen QSSCAT=""DELUSIONS"" andwhen QSTESTCD=""NPITM02"" or when QSTESTCD=""NPITM03"" or when QSTESTCD=""NPITM04"" orwhen QSTESTCD=""NPITM05"""
QSTESTCD,38,"QSTESTCDwhen QSTESTCD=""NPITM02"""
PE30301,39,"PE30301, VS31109, VS303"
PRESSURE,39,HEART RATE AND BLOOD PRESSURE
TEMPERATURE,39,VITAL SIGNS : TEMPERATURE
VS303,39,"PE30301, VS31109, VS303"
VS31109,39,"PE30301, VS31109, VS303"
VSLOC,39,"VSLOCwhen VSTESTCD=""TEMP"""
VSORRES,39,"VSORRESwhen VSTESTCD=""WEIGHT"""
VSORRESU,39,"VSORRESUwhen VSTESTCD=""WEIGHT"""
VSPOS,39,VSPOS
VSTESTCD,39,"VSTESTCDwhen VSTESTCD=""WEIGHT"""
VSTPT,39,VSTPT
VSTPTNUM,39,VSTPTNUM
CM30503,40,"EG301, CM30503"
EG301,40,"EG301, CM30503"
CM30501,41,CM30501
VISIT,41,COMMENTS : VISIT
AEDTC,42,"--DTC [AEDTC, CMDTC, QSDTC, VSDTC, DSDTC]when VISITNUM=""5"""
CMDTC,42,"--DTC [AEDTC, CMDTC, QSDTC, VSDTC, DSDTC]when VISITNUM=""5"""
DSDTC,42,"--DTC [AEDTC, CMDTC, QSDTC, VSDTC, DSDTC]when VISITNUM=""5"""
DSSTDTC,42,"--STDTC [SVSTDTC, EXSTDTC, DSSTDTC]when VISITNUM=""5"""
EXSTDTC,42,"--STDTC [SVSTDTC, EXSTDTC, DSSTDTC]when VISITNUM=""5"""
QSDTC,42,"--DTC [AEDTC, CMDTC, QSDTC, VSDTC, DSDTC]when VISITNUM=""5"""
SVSTDTC,42,"--STDTC [SVSTDTC, EXSTDTC, DSSTDTC]when VISITNUM=""5"""
VISIT,42,"VISIT when VISITNUM=""5"""
VISITNUM,42,"VISIT when VISITNUM=""5"""
VSDTC,42,"--DTC [AEDTC, CMDTC, QSDTC, VSDTC, DSDTC]when VISITNUM=""5"""
DAILY,43,STUDY DRUG : DAILY PRESCRIBED DOSAGE
PRESCRIBED,43,STUDY DRUG : DAILY PRESCRIBED DOSAGE
PREVIOUS,43,STUDY DRUG : PATCH ADHERENCE - PREVIOUS THREE DOSES
QS570,44,QS570
QSCAT,44,"QSCATwhen QSCAT=""NEUROPSYCHIATRIC INVENTORY - REVISED (NPI-X)"""
QSORRES,44,"QSORRESwhen QSTESTCD=""NPITM02"""
QSSCAT,44,"QSSCATwhen QSCAT=""NEUROPSYCHIATRIC INVENTORY - REVISED (NPI-X)"" andwhen QSSCAT=""DELUSIONS"" andwhen QSTESTCD=""NPITM02"" or when QSTESTCD=""NPITM03"" or when QSTESTCD=""NPITM04"" orwhen QSTESTCD=""NPITM05"""
QSTESTCD,44,"QSTESTCDwhen QSTESTCD=""NPITM02"""
PE30301,45,"PE30301, VS31109, VS303"
PRESSURE,45,HEART RATE AND BLOOD PRESSURE
TEMPERATURE,45,VITAL SIGNS : TEMPERATURE
VS303,45,"PE30301, VS31109, VS303"
VS31109,45,"PE30301, VS31109, VS303"
VSLOC,45,"VSLOCwhen VSTESTCD=""TEMP"""
VSORRES,45,"VSORRESwhen VSTESTCD=""WEIGHT"""
VSORRESU,45,"VSORRESUwhen VSTESTCD=""WEIGHT"""
VSPOS,45,VSPOS
VSTESTCD,45,"VSTESTCDwhen VSTESTCD=""WEIGHT"""
VSTPT,45,VSTPT
VSTPTNUM,45,VSTPTNUM
CM30503,46,"EG301, CM30503"
EG301,46,"EG301, CM30503"
CM30503,47,"PR35302, CM30503"
PR35302,47,"PR35302, CM30503"
PROCEDURE,47,PROCEDURE : AMBULATORY ECG
CM30501,48,CM30501
VISIT,48,COMMENTS : VISIT
AEDTC,49,"--DTC [AEDTC, CMDTC, QSDTC, VSDTC, DSDTC]when VISITNUM=""6"""
CMDTC,49,"--DTC [AEDTC, CMDTC, QSDTC, VSDTC, DSDTC]when VISITNUM=""6"""
DAILY,49,STUDY DRUG : DAILY PRESCRIBED DOSAGE
DSDTC,49,"--DTC [AEDTC, CMDTC, QSDTC, VSDTC, DSDTC]when VISITNUM=""6"""
DSSTDTC,49,"--STDTC [SVSTDTC, EXSTDTC, DSSTDTC]when VISITNUM=""6"""
EXSTDTC,49,"--STDTC [SVSTDTC, EXSTDTC, DSSTDTC]when VISITNUM=""6"""
PRESCRIBED,49,STUDY DRUG : DAILY PRESCRIBED DOSAGE
QSDTC,49,"--DTC [AEDTC, CMDTC, QSDTC, VSDTC, DSDTC]when VISITNUM=""6"""
SVSTDTC,49,"--STDTC [SVSTDTC, EXSTDTC, DSSTDTC]when VISITNUM=""6"""
VISIT,49,"VISIT when VISITNUM=""6"""
VISITNUM,49,"VISIT when VISITNUM=""6"""
VSDTC,49,"--DTC [AEDTC, CMDTC, QSDTC, VSDTC, DSDTC]when VISITNUM=""6"""
PRESSURE,50,HEART RATE AND BLOOD PRESSURE
TEMPERATURE,50,VITAL SIGNS : TEMPERATURE
VS303,50,"VS31109, VS303"
VS31109,50,"VS31109, VS303"
VSLOC,50,"VSLOCwhen VSTESTCD=""TEMP"""
VSORRES,50,"VSORRESwhen VSTESTCD=""TEMP"""
VSORRESU,50,"VSORRESUwhen VSTESTCD=""TEMP"""
VSPOS,50,VSPOS
VSTESTCD,50,"VSORRESwhen VSTESTCD=""TEMP"""
VSTPT,50,VSTPT
VSTPTNUM,50,VSTPTNUM
CM30501,51,CM30501
VISIT,51,COMMENTS : VISIT
AEDTC,52,"--DTC [AEDTC, CMDTC, QSDTC, VSDTC, DSDTC]when VISITNUM=""7"""
CMDTC,52,"--DTC [AEDTC, CMDTC, QSDTC, VSDTC, DSDTC]when VISITNUM=""7"""
DSDTC,52,"--DTC [AEDTC, CMDTC, QSDTC, VSDTC, DSDTC]when VISITNUM=""7"""
DSSTDTC,52,"--STDTC [SVSTDTC, EXSTDTC, DSSTDTC]when VISITNUM=""7"""
EXSTDTC,52,"--STDTC [SVSTDTC, EXSTDTC, DSSTDTC]when VISITNUM=""7"""
QSDTC,52,"--DTC [AEDTC, CMDTC, QSDTC, VSDTC, DSDTC]when VISITNUM=""7"""
SVSTDTC,52,"--STDTC [SVSTDTC, EXSTDTC, DSSTDTC]when VISITNUM=""7"""
VISIT,52,"VISIT when VISITNUM=""7"""
VISITNUM,52,"VISIT when VISITNUM=""7"""
VSDTC,52,"--DTC [AEDTC, CMDTC, QSDTC, VSDTC, DSDTC]when VISITNUM=""7"""
DAILY,53,STUDY DRUG : DAILY PRESCRIBED DOSAGE
PRESCRIBED,53,STUDY DRUG : DAILY PRESCRIBED DOSAGE
PREVIOUS,53,STUDY DRUG : PATCH ADHERENCE - PREVIOUS THREE DOSES
QS570,54,QS570
QSCAT,54,"QSCATwhen QSCAT=""NEUROPSYCHIATRIC INVENTORY - REVISED (NPI-X)"""
QSORRES,54,"QSORRESwhen QSTESTCD=""NPITM02"""
QSSCAT,54,"QSSCATwhen QSCAT=""NEUROPSYCHIATRIC INVENTORY - REVISED (NPI-X)"" andwhen QSSCAT=""DELUSIONS"" andwhen QSTESTCD=""NPITM02"" or when QSTESTCD=""NPITM03"" or when QSTESTCD=""NPITM04"" orwhen QSTESTCD=""NPITM05"""
QSTESTCD,54,"QSTESTCDwhen QSTESTCD=""NPITM02"""
PE30301,55,"PE30301, VS31109, VS303"
PRESSURE,55,HEART RATE AND BLOOD PRESSURE
TEMPERATURE,55,VITAL SIGNS : TEMPERATURE
VS303,55,"PE30301, VS31109, VS303"
VS31109,55,"PE30301, VS31109, VS303"
VSLOC,55,"VSLOCwhen VSTESTCD=""TEMP"""
VSORRES,55,"VSORRESwhen VSTESTCD=""WEIGHT"""
VSORRESU,55,"VSORRESUwhen VSTESTCD=""WEIGHT"""
VSPOS,55,VSPOS
VSTESTCD,55,"VSTESTCDwhen VSTESTCD=""WEIGHT"""
VSTPT,55,VSTPT
VSTPTNUM,55,VSTPTNUM
CM30503,56,"EG301, CM30503"
EG301,56,"EG301, CM30503"
CM30501,57,CM30501
VISIT,57,COMMENTS : VISIT
AEDTC,58,"--DTC [AEDTC, CMDTC, QSDTC, VSDTC, DSDTC]when VISITNUM=""8"""
CMDTC,58,"--DTC [AEDTC, CMDTC, QSDTC, VSDTC, DSDTC]when VISITNUM=""8"""
DAILY,58,STUDY DRUG : DAILY PRESCRIBED DOSAGE
DSDTC,58,"--DTC [AEDTC, CMDTC, QSDTC, VSDTC, DSDTC]when VISITNUM=""8"""
DSSTDTC,58,"--STDTC [SVSTDTC, EXSTDTC, DSSTDTC]when VISITNUM=""8"""
EXSTDTC,58,"--STDTC [SVSTDTC, EXSTDTC, DSSTDTC]when VISITNUM=""8"""
PRESCRIBED,58,STUDY DRUG : DAILY PRESCRIBED DOSAGE
QSDTC,58,"--DTC [AEDTC, CMDTC, QSDTC, VSDTC, DSDTC]when VISITNUM=""8"""
SVSTDTC,58,"--STDTC [SVSTDTC, EXSTDTC, DSSTDTC]when VISITNUM=""8"""
VISIT,58,"VISIT when VISITNUM=""8"""
VISITNUM,58,"--STDTC [SVSTDTC, EXSTDTC, DSSTDTC]when VISITNUM=""8"""
VSDTC,58,"--DTC [AEDTC, CMDTC, QSDTC, VSDTC, DSDTC]when VISITNUM=""8"""
QS572,59,QS572
QSCAT,59,"QSCATwhen QSCAT=""ALZHEIMER'S DISEASE ASSESSMENT SCALE"""
QSORRES,59,"QSORRESwhen QSTESTCD=""ACITM01"""
QSTESTCD,59,"QSTESTCDwhen QSTESTCD=""ACITM01"""
SCALE,59,"QSCATwhen QSCAT=""ALZHEIMER'S DISEASE ASSESSMENT SCALE"""
QSCAT,60,"QSCATwhen QSCAT=""CLINICIAN'S INTERVIEW-BASED IMPRESSION OF CHANGE (CIBIC+)"""
QSORRES,60,"QSORRESwhen QSTESTCD=""CIBIC+"""
QSTESTCD,60,"QSTESTCDwhen QSTESTCD=""CIBIC+"""
QS570,61,QS570
QSCAT,61,"QSCATwhen QSCAT=""NEUROPSYCHIATRIC INVENTORY - REVISED (NPI-X)"""
QSORRES,61,"QSORRESwhen QSTESTCD=""NPITM02"""
QSSCAT,61,"QSSCATwhen QSCAT=""NEUROPSYCHIATRIC INVENTORY - REVISED (NPI-X)"" andwhen QSSCAT=""DELUSIONS"" andwhen QSTESTCD=""NPITM02"" or when QSTESTCD=""NPITM03"" or when QSTESTCD=""NPITM04"" orwhen QSTESTCD=""NPITM05"""
QSTESTCD,61,"QSTESTCDwhen QSTESTCD=""NPITM02"""
DAD10,62,"QSTESTCDwhen QSTESTCD=""DAD10"""
DAD11,62,"QSTESTCDwhen QSTESTCD=""DAD11"""
DAD12,62,"QSORRESwhen QSTESTCD=""DAD12"""
DAD13,62,"QSTESTCDwhen QSTESTCD=""DAD13"""
DAD14,62,"QSTESTCDwhen QSTESTCD=""DAD14"""
DAD15,62,"QSORRESwhen QSTESTCD=""DAD15"""
DAD16,62,"QSORRESwhen QSTESTCD=""DAD16"""
DAD17,62,"QSORRESwhen QSTESTCD=""DAD17"""
DAD18,62,"QSORRESwhen QSTESTCD=""DAD18"""
DAD19,62,"QSORRESwhen QSTESTCD=""DAD19"""
DAD20,62,"QSORRESwhen QSTESTCD=""DAD20"""
PREPARATION,62,"QSSCATwhen QSSCAT=""MEAL PREPARATION"""
QS571,62,QS571
QSCAT,62,"QSCATwhen QSCAT=""DISABILITY ASSESSMENT FOR DEMENTIA (DAD)"""
QSORRES,62,"QSORRESwhen QSTESTCD=""DAD1"""
QSSCAT,62,"QSSCATwhen QSSCAT=""HYGIENE"""
QSTESTCD,62,"QSTESTCDwhen QSTESTCD=""DAD1"""
SCORING,62,SCORING:
DAD21,63,"QSORRESwhen QSTESTCD=""DAD21"""
DAD22,63,"QSTESTCDwhen QSTESTCD=""DAD22"""
DAD23,63,"QSTESTCDwhen QSTESTCD=""DAD23"""
DAD24,63,"QSTESTCDwhen QSTESTCD=""DAD24"""
DAD25,63,"QSTESTCDwhen QSTESTCD=""DAD25"""
DAD26,63,"QSTESTCDwhen QSTESTCD=""DAD26"""
DAD27,63,"QSTESTCDwhen QSTESTCD=""DAD27"""
DAD28,63,"QSTESTCDwhen QSTESTCD=""DAD28"""
DAD29,63,"QSTESTCDwhen QSTESTCD=""DAD29"""
DAD30,63,"QSTESTCDwhen QSTESTCD=""DAD30"""
DAD31,63,"QSTESTCDwhen QSTESTCD=""DAD31"""
DAD32,63,"QSTESTCDwhen QSTESTCD=""DAD32"""
DAD33,63,"QSTESTCDwhen QSTESTCD=""DAD33"""
DAD34,63,"QSTESTCDwhen QSTESTCD=""DAD34"""
DAD35,63,"QSTESTCDwhen QSTESTCD=""DAD35"""
DAD36,63,"QSTESTCDwhen QSTESTCD=""DAD36"""
DAD37,63,"QSTESTCDwhen QSTESTCD=""DAD37"""
DAD38,63,"QSTESTCDwhen QSTESTCD=""DAD38"""
DAD39,63,"QSTESTCDwhen QSTESTCD=""DAD39"""
DAD40,63,"QSTESTCDwhen QSTESTCD=""DAD40"""
HOUSEWORK,63,"QSSCATwhen QSSCAT=""LEISURE AND HOUSEWORK"""
QS571,63,QS571
QSORRES,63,"QSORRESwhen QSTESTCD=""DAD21"""
QSSCAT,63,"QSSCATwhen QSSCAT=""TELEPHONING"""
QSTESTCD,63,"QSORRESwhen QSTESTCD=""DAD21"""
SCORING,63,SCORING:
TELEPHONING,63,"QSSCATwhen QSSCAT=""TELEPHONING"""
PE30301,64,"PE30301, VS31109, VS303"
PRESSURE,64,HEART RATE AND BLOOD PRESSURE
TEMPERATURE,64,VITAL SIGNS : TEMPERATURE
VS303,64,"PE30301, VS31109, VS303"
VS31109,64,"PE30301, VS31109, VS303"
VSLOC,64,"VSLOCwhen VSTESTCD=""TEMP"""
VSORRES,64,"VSORRESwhen VSTESTCD=""WEIGHT"""
VSORRESU,64,"VSORRESUwhen VSTESTCD=""WEIGHT"""
VSPOS,64,VSPOS
VSTESTCD,64,"VSTESTCDwhen VSTESTCD=""WEIGHT"""
VSTPT,64,VSTPT
VSTPTNUM,64,VSTPTNUM
CM30503,65,"EG301, CM30503"
EG301,65,"EG301, CM30503"
CM30501,66,CM30501
VISIT,66,COMMENTS : VISIT
AEDTC,67,"--DTC [AEDTC, CMDTC, QSDTC, VSDTC, DSDTC]when VISITNUM=""9"""
CMDTC,67,"--DTC [AEDTC, CMDTC, QSDTC, VSDTC, DSDTC]when VISITNUM=""9"""
DSDTC,67,"--DTC [AEDTC, CMDTC, QSDTC, VSDTC, DSDTC]when VISITNUM=""9"""
DSSTDTC,67,"--STDTC [SVSTDTC, EXSTDTC, DSSTDTC]when VISITNUM=""9"""
EXSTDTC,67,"--STDTC [SVSTDTC, EXSTDTC, DSSTDTC]when VISITNUM=""9"""
QSDTC,67,"--DTC [AEDTC, CMDTC, QSDTC, VSDTC, DSDTC]when VISITNUM=""9"""
SVSTDTC,67,"--STDTC [SVSTDTC, EXSTDTC, DSSTDTC]when VISITNUM=""9"""
VISIT,67,"VISIT when VISITNUM=""9"""
VISITNUM,67,"VISIT when VISITNUM=""9"""
VSDTC,67,"--DTC [AEDTC, CMDTC, QSDTC, VSDTC, DSDTC]when VISITNUM=""9"""
DAILY,68,STUDY DRUG : DAILY PRESCRIBED DOSAGE
PRESCRIBED,68,STUDY DRUG : DAILY PRESCRIBED DOSAGE
PREVIOUS,68,STUDY DRUG : PATCH ADHERENCE - PREVIOUS THREE DOSES
QS570,69,QS570
QSCAT,69,"QSCATwhen QSCAT=""NEUROPSYCHIATRIC INVENTORY - REVISED (NPI-X)"""
QSORRES,69,"QSORRESwhen QSTESTCD=""NPITM02"""
QSSCAT,69,"QSSCATwhen QSCAT=""NEUROPSYCHIATRIC INVENTORY - REVISED (NPI-X)"" andwhen QSSCAT=""DELUSIONS"" andwhen QSTESTCD=""NPITM02"" or when QSTESTCD=""NPITM03"" or when QSTESTCD=""NPITM04"" orwhen QSTESTCD=""NPITM05"""
QSTESTCD,69,"QSTESTCDwhen QSTESTCD=""NPITM02"""
PE30301,70,"PE30301, VS31109, VS303"
PRESSURE,70,HEART RATE AND BLOOD PRESSURE
TEMPERATURE,70,VITAL SIGNS : TEMPERATURE
VS303,70,"PE30301, VS31109, VS303"
VS31109,70,"PE30301, VS31109, VS303"
VSLOC,70,"VSLOCwhen VSTESTCD=""TEMP"""
VSORRES,70,"VSORRESwhen VSTESTCD=""WEIGHT"""
VSORRESU,70,"VSORRESUwhen VSTESTCD=""WEIGHT"""
VSPOS,70,VSPOS
VSTESTCD,70,"VSTESTCDwhen VSTESTCD=""WEIGHT"""
VSTPT,70,VSTPT
VSTPTNUM,70,VSTPTNUM
CM30503,71,"EG301, CM30503"
EG301,71,"EG301, CM30503"
CM30501,72,CM30501
VISIT,72,COMMENTS : VISIT
AEDTC,73,"--DTC [AEDTC, CMDTC, QSDTC, VSDTC, DSDTC]when VISITNUM=""10"""
CMDTC,73,"--DTC [AEDTC, CMDTC, QSDTC, VSDTC, DSDTC]when VISITNUM=""10"""
DAILY,73,STUDY DRUG : DAILY PRESCRIBED DOSAGE
DSDTC,73,"--DTC [AEDTC, CMDTC, QSDTC, VSDTC, DSDTC]when VISITNUM=""10"""
DSSTDTC,73,"--STDTC [SVSTDTC, EXSTDTC, DSSTDTC]when VISITNUM=""10"""
EXSTDTC,73,"--STDTC [SVSTDTC, EXSTDTC, DSSTDTC]when VISITNUM=""10"""
PRESCRIBED,73,STUDY DRUG : DAILY PRESCRIBED DOSAGE
QSDTC,73,"--DTC [AEDTC, CMDTC, QSDTC, VSDTC, DSDTC]when VISITNUM=""10"""
SVSTDTC,73,"--STDTC [SVSTDTC, EXSTDTC, DSSTDTC]when VISITNUM=""10"""
VISIT,73,"VISIT when VISITNUM=""10"""
VISITNUM,73,"VISIT when VISITNUM=""10"""
VSDTC,73,"--DTC [AEDTC, CMDTC, QSDTC, VSDTC, DSDTC]when VISITNUM=""10"""
QS572,74,QS572
QSCAT,74,"QSCATwhen QSCAT=""ALZHEIMER'S DISEASE ASSESSMENT SCALE"""
QSORRES,74,"QSORRESwhen QSTESTCD=""ACITM01"""
QSTESTCD,74,"QSTESTCDwhen QSTESTCD=""ACITM01"""
SCALE,74,"QSCATwhen QSCAT=""ALZHEIMER'S DISEASE ASSESSMENT SCALE"""
QSCAT,75,"QSCATwhen QSCAT=""CLINICIAN'S INTERVIEW-BASED IMPRESSION OF CHANGE (CIBIC+)"""
QSORRES,75,"QSORRESwhen QSTESTCD=""CIBIC+"""
QSTESTCD,75,"QSTESTCDwhen QSTESTCD=""CIBIC+"""
QS570,76,QS570
QSCAT,76,"QSCATwhen QSCAT=""NEUROPSYCHIATRIC INVENTORY - REVISED (NPI-X)"""
QSORRES,76,"QSORRESwhen QSTESTCD=""NPITM02"""
QSSCAT,76,"QSSCATwhen QSCAT=""NEUROPSYCHIATRIC INVENTORY - REVISED (NPI-X)"" andwhen QSSCAT=""DELUSIONS"" andwhen QSTESTCD=""NPITM02"" or when QSTESTCD=""NPITM03"" or when QSTESTCD=""NPITM04"" orwhen QSTESTCD=""NPITM05"""
QSTESTCD,76,"QSTESTCDwhen QSTESTCD=""NPITM02"""
DAD10,77,"QSTESTCDwhen QSTESTCD=""DAD10"""
DAD11,77,"QSTESTCDwhen QSTESTCD=""DAD11"""
DAD12,77,"QSORRESwhen QSTESTCD=""DAD12"""
DAD13,77,"QSTESTCDwhen QSTESTCD=""DAD13"""
DAD14,77,"QSTESTCDwhen QSTESTCD=""DAD14"""
DAD15,77,"QSORRESwhen QSTESTCD=""DAD15"""
DAD16,77,"QSORRESwhen QSTESTCD=""DAD16"""
DAD17,77,"QSORRESwhen QSTESTCD=""DAD17"""
DAD18,77,"QSORRESwhen QSTESTCD=""DAD18"""
DAD19,77,"QSORRESwhen QSTESTCD=""DAD19"""
DAD20,77,"QSORRESwhen QSTESTCD=""DAD20"""
PREPARATION,77,"QSSCATwhen QSSCAT=""MEAL PREPARATION"""
QS571,77,QS571
QSCAT,77,"QSCATwhen QSCAT=""DISABILITY ASSESSMENT FOR DEMENTIA (DAD)"""
QSORRES,77,"QSORRESwhen QSTESTCD=""DAD1"""
QSSCAT,77,"QSSCATwhen QSSCAT=""HYGIENE"""
QSTESTCD,77,"QSTESTCDwhen QSTESTCD=""DAD1"""
SCORING,77,SCORING:
DAD21,78,"QSORRESwhen QSTESTCD=""DAD21"""
DAD22,78,"QSTESTCDwhen QSTESTCD=""DAD22"""
DAD23,78,"QSTESTCDwhen QSTESTCD=""DAD23"""
DAD24,78,"QSTESTCDwhen QSTESTCD=""DAD24"""
DAD25,78,"QSTESTCDwhen QSTESTCD=""DAD25"""
DAD26,78,"QSTESTCDwhen QSTESTCD=""DAD26"""
DAD27,78,"QSTESTCDwhen QSTESTCD=""DAD27"""
DAD28,78,"QSTESTCDwhen QSTESTCD=""DAD28"""
DAD29,78,"QSTESTCDwhen QSTESTCD=""DAD29"""
DAD30,78,"QSTESTCDwhen QSTESTCD=""DAD30"""
DAD31,78,"QSTESTCDwhen QSTESTCD=""DAD31"""
DAD32,78,"QSTESTCDwhen QSTESTCD=""DAD32"""
DAD33,78,"QSTESTCDwhen QSTESTCD=""DAD33"""
DAD34,78,"QSTESTCDwhen QSTESTCD=""DAD34"""
DAD35,78,"QSTESTCDwhen QSTESTCD=""DAD35"""
DAD36,78,"QSTESTCDwhen QSTESTCD=""DAD36"""
DAD37,78,"QSTESTCDwhen QSTESTCD=""DAD37"""
DAD38,78,"QSTESTCDwhen QSTESTCD=""DAD38"""
DAD39,78,"QSTESTCDwhen QSTESTCD=""DAD39"""
DAD40,78,"QSTESTCDwhen QSTESTCD=""DAD40"""
HOUSEWORK,78,"QSSCATwhen QSSCAT=""LEISURE AND HOUSEWORK"""
QS571,78,QS571
QSORRES,78,"QSORRESwhen QSTESTCD=""DAD21"""
QSSCAT,78,"QSSCATwhen QSSCAT=""TELEPHONING"""
QSTESTCD,78,"QSORRESwhen QSTESTCD=""DAD21"""
SCORING,78,SCORING:
TELEPHONING,78,"QSSCATwhen QSSCAT=""TELEPHONING"""
PE30301,79,"PE30301, VS31109, VS303"
PRESSURE,79,HEART RATE AND BLOOD PRESSURE
TEMPERATURE,79,VITAL SIGNS : TEMPERATURE
VS303,79,"PE30301, VS31109, VS303"
VS31109,79,"PE30301, VS31109, VS303"
VSLOC,79,"VSLOCwhen VSTESTCD=""TEMP"""
VSORRES,79,"VSORRESwhen VSTESTCD=""WEIGHT"""
VSORRESU,79,"VSORRESUwhen VSTESTCD=""WEIGHT"""
VSPOS,79,VSPOS
VSTESTCD,79,"VSTESTCDwhen VSTESTCD=""WEIGHT"""
VSTPT,79,VSTPT
VSTPTNUM,79,VSTPTNUM
CM30503,80,"EG301, CM30503"
EG301,80,"EG301, CM30503"
CM30501,81,CM30501
VISIT,81,COMMENTS : VISIT
AEDTC,82,"--DTC [AEDTC, CMDTC, QSDTC, VSDTC, DSDTC]when VISITNUM=""11"""
CMDTC,82,"--DTC [AEDTC, CMDTC, QSDTC, VSDTC, DSDTC]when VISITNUM=""11"""
DSDTC,82,"--DTC [AEDTC, CMDTC, QSDTC, VSDTC, DSDTC]when VISITNUM=""11"""
DSSTDTC,82,"--STDTC [SVSTDTC, EXSTDTC, DSSTDTC]when VISITNUM=""11"""
EXSTDTC,82,"--STDTC [SVSTDTC, EXSTDTC, DSSTDTC]when VISITNUM=""11"""
QSDTC,82,"--DTC [AEDTC, CMDTC, QSDTC, VSDTC, DSDTC]when VISITNUM=""11"""
SVSTDTC,82,"--STDTC [SVSTDTC, EXSTDTC, DSSTDTC]when VISITNUM=""11"""
VISIT,82,"VISIT when VISITNUM=""11"""
VISITNUM,82,"VISIT when VISITNUM=""11"""
VSDTC,82,"--DTC [AEDTC, CMDTC, QSDTC, VSDTC, DSDTC]when VISITNUM=""11"""
DAILY,83,STUDY DRUG : DAILY PRESCRIBED DOSAGE
PRESCRIBED,83,STUDY DRUG : DAILY PRESCRIBED DOSAGE
PREVIOUS,83,STUDY DRUG : PATCH ADHERENCE - PREVIOUS THREE DOSES
QS570,84,QS570
QSCAT,84,"QSCATwhen QSCAT=""NEUROPSYCHIATRIC INVENTORY - REVISED (NPI-X)"""
QSORRES,84,"QSORRESwhen QSTESTCD=""NPITM02"""
QSSCAT,84,"QSSCATwhen QSCAT=""NEUROPSYCHIATRIC INVENTORY - REVISED (NPI-X)"" andwhen QSSCAT=""DELUSIONS"" andwhen QSTESTCD=""NPITM02"" or when QSTESTCD=""NPITM03"" or when QSTESTCD=""NPITM04"" orwhen QSTESTCD=""NPITM05"""
QSTESTCD,84,"QSTESTCDwhen QSTESTCD=""NPITM02"""
PE30301,85,"PE30301, VS31109, VS303"
PRESSURE,85,HEART RATE AND BLOOD PRESSURE
TEMPERATURE,85,VITAL SIGNS : TEMPERATURE
VS303,85,"PE30301, VS31109, VS303"
VS31109,85,"PE30301, VS31109, VS303"
VSLOC,85,"VSLOCwhen VSTESTCD=""TEMP"""
VSORRES,85,"VSORRESwhen VSTESTCD=""WEIGHT"""
VSORRESU,85,"VSORRESUwhen VSTESTCD=""WEIGHT"""
VSPOS,85,VSPOS
VSTESTCD,85,"VSTESTCDwhen VSTESTCD=""WEIGHT"""
VSTPT,85,VSTPT
VSTPTNUM,85,VSTPTNUM
CM30503,86,"EG301, CM30503"
EG301,86,"EG301, CM30503"
CM30501,87,CM30501
VISIT,87,COMMENTS : VISIT
AEDTC,88,"--DTC [AEDTC, CMDTC, QSDTC, VSDTC, DSDTC]when VISITNUM=""11.1"""
CMDTC,88,"--DTC [AEDTC, CMDTC, QSDTC, VSDTC, DSDTC]when VISITNUM=""11.1"""
DSDTC,88,"--DTC [AEDTC, CMDTC, QSDTC, VSDTC, DSDTC]when VISITNUM=""11.1"""
DSSTDTC,88,"--STDTC [SVSTDTC, EXSTDTC, DSSTDTC]when VISITNUM=""11.1"""
EXSTDTC,88,"--STDTC [SVSTDTC, EXSTDTC, DSSTDTC]when VISITNUM=""11.1"""
QSDTC,88,"--DTC [AEDTC, CMDTC, QSDTC, VSDTC, DSDTC]when VISITNUM=""11.1"""
SVSTDTC,88,"--STDTC [SVSTDTC, EXSTDTC, DSSTDTC]when VISITNUM=""11.1"""
VISIT,88,"VISIT when VISITNUM=""11.1"""
VISITNUM,88,"VISIT when VISITNUM=""11.1"""
VSDTC,88,"--DTC [AEDTC, CMDTC, QSDTC, VSDTC, DSDTC]when VISITNUM=""11.1"""
QS570,89,QS570
QSCAT,89,"QSCATwhen QSCAT=""NEUROPSYCHIATRIC INVENTORY - REVISED (NPI-X)"""
QSORRES,89,"QSORRESwhen QSTESTCD=""NPITM02"""
QSSCAT,89,"QSSCATwhen QSCAT=""NEUROPSYCHIATRIC INVENTORY - REVISED (NPI-X)"" andwhen QSSCAT=""DELUSIONS"" andwhen QSTESTCD=""NPITM02"" or when QSTESTCD=""NPITM03"" or when QSTESTCD=""NPITM04"" orwhen QSTESTCD=""NPITM05"""
QSTESTCD,89,"QSTESTCDwhen QSTESTCD=""NPITM02"""
AEDTC,90,"--DTC [QSDTC, AEDTC, CMDTC, QSDTC, VSDTC]when VISITNUM=""12"""
CMDTC,90,"--DTC [QSDTC, AEDTC, CMDTC, QSDTC, VSDTC]when VISITNUM=""12"""
DAILY,90,STUDY DRUG : DAILY PRESCRIBED DOSAGE
DSSTDTC,90,"--STDTC [SVSTDTC, EXSTDTC, DSSTDTC]when VISITNUM=""12"""
EXSTDTC,90,"--STDTC [SVSTDTC, EXSTDTC, DSSTDTC]when VISITNUM=""12"""
PRESCRIBED,90,STUDY DRUG : DAILY PRESCRIBED DOSAGE
QSDTC,90,"--DTC [QSDTC, AEDTC, CMDTC, QSDTC, VSDTC]when VISITNUM=""12"""
SVSTDTC,90,"--STDTC [SVSTDTC, EXSTDTC, DSSTDTC]when VISITNUM=""12"""
VISIT,90,"VISIT when VISITNUM=""12"""
VISITNUM,90,"VISIT when VISITNUM=""12"""
VSDTC,90,"--DTC [QSDTC, AEDTC, CMDTC, QSDTC, VSDTC]when VISITNUM=""12"""
QS572,91,QS572
QSCAT,91,"QSCATwhen QSCAT=""ALZHEIMER'S DISEASE ASSESSMENT SCALE"""
QSORRES,91,"QSORRESwhen QSTESTCD=""ACITM01"""
QSTESTCD,91,"QSTESTCDwhen QSTESTCD=""ACITM01"""
SCALE,91,"QSCATwhen QSCAT=""ALZHEIMER'S DISEASE ASSESSMENT SCALE"""
QSCAT,92,"QSCATwhen QSCAT=""CLINICIAN'S INTERVIEW-BASED IMPRESSION OF CHANGE (CIBIC+)"""
QSORRES,92,"QSORRESwhen QSTESTCD=""CIBIC+"""
QSTESTCD,92,"QSTESTCDwhen QSTESTCD=""CIBIC+"""
QS570,93,QS570
QSCAT,93,"QSCATwhen QSCAT=""NEUROPSYCHIATRIC INVENTORY - REVISED (NPI-X)"""
QSORRES,93,"QSORRESwhen QSTESTCD=""NPITM02"""
QSSCAT,93,"QSSCATwhen QSCAT=""NEUROPSYCHIATRIC INVENTORY - REVISED (NPI-X)"" andwhen QSSCAT=""DELUSIONS"" andwhen QSTESTCD=""NPITM02"" or when QSTESTCD=""NPITM03"" or when QSTESTCD=""NPITM04"" orwhen QSTESTCD=""NPITM05"""
QSTESTCD,93,"QSTESTCDwhen QSTESTCD=""NPITM02"""
DAD10,94,"QSTESTCDwhen QSTESTCD=""DAD10"""
DAD11,94,"QSTESTCDwhen QSTESTCD=""DAD11"""
DAD12,94,"QSORRESwhen QSTESTCD=""DAD12"""
DAD13,94,"QSTESTCDwhen QSTESTCD=""DAD13"""
DAD14,94,"QSTESTCDwhen QSTESTCD=""DAD14"""
DAD15,94,"QSORRESwhen QSTESTCD=""DAD15"""
DAD16,94,"QSORRESwhen QSTESTCD=""DAD16"""
DAD17,94,"QSORRESwhen QSTESTCD=""DAD17"""
DAD18,94,"QSORRESwhen QSTESTCD=""DAD18"""
DAD19,94,"QSORRESwhen QSTESTCD=""DAD19"""
DAD20,94,"QSORRESwhen QSTESTCD=""DAD20"""
PREPARATION,94,"QSSCATwhen QSSCAT=""MEAL PREPARATION"""
QS571,94,QS571
QSCAT,94,"QSCATwhen QSCAT=""DISABILITY ASSESSMENT FOR DEMENTIA (DAD)"""
QSORRES,94,"QSORRESwhen QSTESTCD=""DAD1"""
QSSCAT,94,"QSSCATwhen QSSCAT=""HYGIENE"""
QSTESTCD,94,"QSTESTCDwhen QSTESTCD=""DAD1"""
SCORING,94,SCORING:
DAD21,95,"QSORRESwhen QSTESTCD=""DAD21"""
DAD22,95,"QSTESTCDwhen QSTESTCD=""DAD22"""
DAD23,95,"QSTESTCDwhen QSTESTCD=""DAD23"""
DAD24,95,"QSTESTCDwhen QSTESTCD=""DAD24"""
DAD25,95,"QSTESTCDwhen QSTESTCD=""DAD25"""
DAD26,95,"QSTESTCDwhen QSTESTCD=""DAD26"""
DAD27,95,"QSTESTCDwhen QSTESTCD=""DAD27"""
DAD28,95,"QSTESTCDwhen QSTESTCD=""DAD28"""
DAD29,95,"QSTESTCDwhen QSTESTCD=""DAD29"""
DAD30,95,"QSTESTCDwhen QSTESTCD=""DAD30"""
DAD31,95,"QSTESTCDwhen QSTESTCD=""DAD31"""
DAD32,95,"QSTESTCDwhen QSTESTCD=""DAD32"""
DAD33,95,"QSTESTCDwhen QSTESTCD=""DAD33"""
DAD34,95,"QSTESTCDwhen QSTESTCD=""DAD34"""
DAD35,95,"QSTESTCDwhen QSTESTCD=""DAD35"""
DAD36,95,"QSTESTCDwhen QSTESTCD=""DAD36"""
DAD37,95,"QSTESTCDwhen QSTESTCD=""DAD37"""
DAD38,95,"QSTESTCDwhen QSTESTCD=""DAD38"""
DAD39,95,"QSTESTCDwhen QSTESTCD=""DAD39"""
DAD40,95,"QSTESTCDwhen QSTESTCD=""DAD40"""
HOUSEWORK,95,"QSSCATwhen QSSCAT=""LEISURE AND HOUSEWORK"""
QS571,95,QS571
QSORRES,95,"QSORRESwhen QSTESTCD=""DAD21"""
QSSCAT,95,"QSSCATwhen QSSCAT=""TELEPHONING"""
QSTESTCD,95,"QSORRESwhen QSTESTCD=""DAD21"""
SCORING,95,SCORING:
TELEPHONING,95,"QSSCATwhen QSSCAT=""TELEPHONING"""
PE30301,96,"PE30301, VS31109, VS303"
PRESSURE,96,HEART RATE AND BLOOD PRESSURE
TEMPERATURE,96,VITAL SIGNS : TEMPERATURE
VS303,96,"PE30301, VS31109, VS303"
VS31109,96,"PE30301, VS31109, VS303"
VSLOC,96,"VSLOCwhen VSTESTCD=""TEMP"""
VSORRES,96,"VSORRESwhen VSTESTCD=""WEIGHT"""
VSORRESU,96,"VSORRESUwhen VSTESTCD=""WEIGHT"""
VSPOS,96,VSPOS
VSTESTCD,96,"VSTESTCDwhen VSTESTCD=""WEIGHT"""
VSTPT,96,VSTPT
VSTPTNUM,96,VSTPTNUM
CM30503,97,"EG301, CM30503"
EG301,97,"EG301, CM30503"
CM30501,98,CM30501
VISIT,98,COMMENTS : VISIT
AEDTC,99,"--DTC [QSDTC, VSDTC, DSDTC, AEDTC, CMDTC]when VISITNUM=""13"""
CMDTC,99,"--DTC [QSDTC, VSDTC, DSDTC, AEDTC, CMDTC]when VISITNUM=""13"""
DSDTC,99,"--DTC [QSDTC, VSDTC, DSDTC, AEDTC, CMDTC]when VISITNUM=""13"""
DSSTDTC,99,"--STDTC [SVSTDTC, EXSTDTC, DSSTDTC]when VISITNUM=""13"""
EXSTDTC,99,"--STDTC [SVSTDTC, EXSTDTC, DSSTDTC]when VISITNUM=""13"""
QSDTC,99,"--DTC [QSDTC, VSDTC, DSDTC, AEDTC, CMDTC]when VISITNUM=""13"""
SVSTDTC,99,"--STDTC [SVSTDTC, EXSTDTC, DSSTDTC]when VISITNUM=""13"""
VISIT,99,"VISIT when VISITNUM=""13"""
VISITNUM,99,"VISITNUM when VISITNUM=""13"""
VSDTC,99,"--DTC [QSDTC, VSDTC, DSDTC, AEDTC, CMDTC]when VISITNUM=""13"""
EXTRAPYRAMIDAL,100,EXTRAPYRAMIDAL FINDINGS
QS570,101,QS570
QSCAT,101,"QSCATwhen QSCAT=""NEUROPSYCHIATRIC INVENTORY - REVISED (NPI-X)"""
QSORRES,101,"QSORRESwhen QSTESTCD=""NPITM02"""
QSSCAT,101,"QSSCATwhen QSCAT=""NEUROPSYCHIATRIC INVENTORY - REVISED (NPI-X)"" andwhen QSSCAT=""DELUSIONS"" andwhen QSTESTCD=""NPITM02"" or when QSTESTCD=""NPITM03"" or when QSTESTCD=""NPITM04"" orwhen QSTESTCD=""NPITM05"""
QSTESTCD,101,"QSTESTCDwhen QSTESTCD=""NPITM02"""
PE30301,102,"PE30301, VS31109, VS303"
PRESSURE,102,HEART RATE AND BLOOD PRESSURE
TEMPERATURE,102,VITAL SIGNS : TEMPERATURE
VS303,102,"PE30301, VS31109, VS303"
VS31109,102,"PE30301, VS31109, VS303"
VSLOC,102,"VSLOCwhen VSTESTCD=""TEMP"""
VSORRES,102,"VSORRESwhen VSTESTCD=""PULSE"""
VSORRESU,102,"VSORRESUwhen VSTESTCD=""PULSE"""
VSPOS,102,VSPOS
VSTESTCD,102,"VSTESTCDwhen VSTESTCD=""SYSBP"""
VSTPT,102,VSTPT
VSTPTNUM,102,VSTPTNUM
CM30503,103,"EG301, CM30503"
EG301,103,"EG301, CM30503"
EXENDTC,105,EXENDTC
AESPID,106,"AESPID when DSTERM=""DEATH"" consequently AE records exist in RELREC"
DSDECOD,106,"DSDECOD = ""PERSONAL CONFLICT OR OTHER PATIENT/CAREGIVER DECISION"
DSSTDTC,106,DSSTDTC
DSTERM,106,"DSTERM = ""PROTOCOL COMPLETED"""
PERCEPTION,106,"DSTERM = ""LACK OF EFFICACY, PATIENT CAREGIVER PERCEPTION"""
PERSONAL,106,"DSDECOD = ""PERSONAL CONFLICT OR OTHER PATIENT/CAREGIVER DECISION"
PRIMARY,106,CHECK ONE PRIMARY REASON FOR ENDING PARTICIPATION IN THE STUDY
PROTOCOL,106,"DSTERM = ""PROTOCOL COMPLETED"""
SUMMARY,106,PATIENT SUMMARY
SUPPDS,106,"SUPPDS.QVAL when DSTERM=""PROTOCOL ENTRY CRITERIA NOT MET"""
CM30502,107,CM30502
SUMMARY,107,COMMENTS : STUDY SUMMARY
DSSTDTC,108,"--STDTC [SVSTDTC, EXSTDTC, DSSTDTC, VSSTDTC]when VISITNUM=""201"""
EXSTDTC,108,"--STDTC [SVSTDTC, EXSTDTC, DSSTDTC, VSSTDTC]when VISITNUM=""201"""
QSDTC,108,"--DTC [QSDTC, VSDTC]when VISITNUM=""201"""
SVSTDTC,108,"--STDTC [SVSTDTC, EXSTDTC, DSSTDTC, VSSTDTC]when VISITNUM=""201"""
VISIT,108,"VISIT when VISITNUM=""201"""
VISITNUM,108,"VISITNUM when VISITNUM=""201"""
VSDTC,108,"--DTC [QSDTC, VSDTC]when VISITNUM=""201"""
VSSTDTC,108,"--STDTC [SVSTDTC, EXSTDTC, DSSTDTC, VSSTDTC]when VISITNUM=""201"""
QS572,109,QS572
QSCAT,109,"QSCATwhen QSCAT=""ALZHEIMER'S DISEASE ASSESSMENT SCALE"""
QSORRES,109,"QSORRESwhen QSTESTCD=""ACITM01"""
QSTESTCD,109,"QSTESTCDwhen QSTESTCD=""ACITM01"""
SCALE,109,"QSCATwhen QSCAT=""ALZHEIMER'S DISEASE ASSESSMENT SCALE"""
QSCAT,110,"QSCATwhen QSCAT=""CLINICIAN'S INTERVIEW-BASED IMPRESSION OF CHANGE (CIBIC+)"""
QSORRES,110,"QSORRESwhen QSTESTCD=""CIBIC+"""
QSTESTCD,110,"QSTESTCDwhen QSTESTCD=""CIBIC+"""
QS570,111,QS570
QSCAT,111,"QSCATwhen QSCAT=""NEUROPSYCHIATRIC INVENTORY - REVISED (NPI-X)"""
QSORRES,111,"QSORRESwhen QSTESTCD=""NPITM02"""
QSSCAT,111,"QSSCATwhen QSCAT=""NEUROPSYCHIATRIC INVENTORY - REVISED (NPI-X)"" andwhen QSSCAT=""DELUSIONS"" andwhen QSTESTCD=""NPITM02"" or when QSTESTCD=""NPITM03"" or when QSTESTCD=""NPITM04"" orwhen QSTESTCD=""NPITM05"""
QSTESTCD,111,"QSTESTCDwhen QSTESTCD=""NPITM02"""
DAD10,112,"QSTESTCDwhen QSTESTCD=""DAD10"""
DAD11,112,"QSTESTCDwhen QSTESTCD=""DAD11"""
DAD12,112,"QSORRESwhen QSTESTCD=""DAD12"""
DAD13,112,"QSTESTCDwhen QSTESTCD=""DAD13"""
DAD14,112,"QSTESTCDwhen QSTESTCD=""DAD14"""
DAD15,112,"QSORRESwhen QSTESTCD=""DAD15"""
DAD16,112,"QSORRESwhen QSTESTCD=""DAD16"""
DAD17,112,"QSORRESwhen QSTESTCD=""DAD17"""
DAD18,112,"QSORRESwhen QSTESTCD=""DAD18"""
DAD19,112,"QSORRESwhen QSTESTCD=""DAD19"""
DAD20,112,"QSORRESwhen QSTESTCD=""DAD20"""
PREPARATION,112,"QSSCATwhen QSSCAT=""MEAL PREPARATION"""
QS571,112,QS571
QSCAT,112,"QSCATwhen QSCAT=""DISABILITY ASSESSMENT FOR DEMENTIA (DAD)"""
QSORRES,112,"QSORRESwhen QSTESTCD=""DAD1"""
QSSCAT,112,"QSSCATwhen QSSCAT=""HYGIENE"""
QSTESTCD,112,"QSTESTCDwhen QSTESTCD=""DAD1"""
SCORING,112,SCORING:
DAD21,113,"QSORRESwhen QSTESTCD=""DAD21"""
DAD22,113,"QSTESTCDwhen QSTESTCD=""DAD22"""
DAD23,113,"QSTESTCDwhen QSTESTCD=""DAD23"""
DAD24,113,"QSTESTCDwhen QSTESTCD=""DAD24"""
DAD25,113,"QSTESTCDwhen QSTESTCD=""DAD25"""
DAD26,113,"QSTESTCDwhen QSTESTCD=""DAD26"""
DAD27,113,"QSTESTCDwhen QSTESTCD=""DAD27"""
DAD28,113,"QSTESTCDwhen QSTESTCD=""DAD28"""
DAD29,113,"QSTESTCDwhen QSTESTCD=""DAD29"""
DAD30,113,"QSTESTCDwhen QSTESTCD=""DAD30"""
DAD31,113,"QSTESTCDwhen QSTESTCD=""DAD31"""
DAD32,113,"QSTESTCDwhen QSTESTCD=""DAD32"""
DAD33,113,"QSTESTCDwhen QSTESTCD=""DAD33"""
DAD34,113,"QSTESTCDwhen QSTESTCD=""DAD34"""
DAD35,113,"QSTESTCDwhen QSTESTCD=""DAD35"""
DAD36,113,"QSTESTCDwhen QSTESTCD=""DAD36"""
DAD37,113,"QSTESTCDwhen QSTESTCD=""DAD37"""
DAD38,113,"QSTESTCDwhen QSTESTCD=""DAD38"""
DAD39,113,"QSTESTCDwhen QSTESTCD=""DAD39"""
DAD40,113,"QSTESTCDwhen QSTESTCD=""DAD40"""
HOUSEWORK,113,"QSSCATwhen QSSCAT=""LEISURE AND HOUSEWORK"""
QS571,113,QS571
QSORRES,113,"QSORRESwhen QSTESTCD=""DAD21"""
QSSCAT,113,"QSSCATwhen QSSCAT=""TELEPHONING"""
QSTESTCD,113,"QSORRESwhen QSTESTCD=""DAD21"""
SCORING,113,SCORING:
TELEPHONING,113,"QSSCATwhen QSSCAT=""TELEPHONING"""
PRESSURE,114,HEART RATE AND BLOOD PRESSURE
TEMPERATURE,114,VITAL SIGNS : TEMPERATURE
VS303,114,"VS31109, VS303"
VS31109,114,"VS31109, VS303"
VSLOC,114,"VSLOCwhen VSTESTCD=""TEMP"""
VSORRES,114,"VSORRESwhen VSTESTCD=""PULSE"""
VSORRESU,114,"VSORRESUwhen VSTESTCD=""PULSE"""
VSPOS,114,VSPOS
VSTESTCD,114,"VSTESTCDwhen VSTESTCD=""SYSBP"""
VSTPT,114,VSTPT
VSTPTNUM,114,VSTPTNUM
CM30502,115,CM30502
SUMMARY,115,COMMENTS : STUDY SUMMARY
AEDTC,116,"--DTC [QSDTC, VSDTC, DSDTC, AEDTC, CMDTC]when VISITNUM=""501"""
AESTDTC,116,"--STDTC [SVSTDTC, AESTDTC, EXSTDTC, DSSTDTC, VSSTDTC]when VISITNUM=""501"""
CMDTC,116,"--DTC [QSDTC, VSDTC, DSDTC, AEDTC, CMDTC]when VISITNUM=""501"""
DSDTC,116,"--DTC [QSDTC, VSDTC, DSDTC, AEDTC, CMDTC]when VISITNUM=""501"""
DSSTDTC,116,"--STDTC [SVSTDTC, AESTDTC, EXSTDTC, DSSTDTC, VSSTDTC]when VISITNUM=""501"""
EXSTDTC,116,"--STDTC [SVSTDTC, AESTDTC, EXSTDTC, DSSTDTC, VSSTDTC]when VISITNUM=""501"""
QSDTC,116,"--DTC [QSDTC, VSDTC, DSDTC, AEDTC, CMDTC]when VISITNUM=""501"""
SVSTDTC,116,"--STDTC [SVSTDTC, AESTDTC, EXSTDTC, DSSTDTC, VSSTDTC]when VISITNUM=""501"""
VISIT,116,"VISIT when VISITNUM=""501"""
VISITNUM,116,"VISIT when VISITNUM=""501"""
VSDTC,116,"--DTC [QSDTC, VSDTC, DSDTC, AEDTC, CMDTC]when VISITNUM=""501"""
VSSTDTC,116,"--STDTC [SVSTDTC, AESTDTC, EXSTDTC, DSSTDTC, VSSTDTC]when VISITNUM=""501"""
PRIMARY,117,3. Check one PRIMARY reason for ending the ADVERSE EVENT follow-up period
CM30502,118,CM30502
SUMMARY,118,COMMENTS : STUDY SUMMARY
PROCEDURE,119,PROCEDURE : MRSI
PROCEDURE,120,PROCEDURE : MRSI
AEENDTC,121,"--ENDTC[AEENDTC, MHENDTC]"
AEREL,121,AEREL
AESCAN,121,"AESCANwhen AESER=""6"""
AESCONG,121,"AESCONGwhen AESER=""5"""
AESDISAB,121,"AESDISABwhen AESER=""3"""
AESDTH,121,"AESDTHwhen AESER=""1"""
AESER,121,"AESDTHwhen AESER=""1"""
AESEV,121,"--SEV [AESEV, MHSEV]"
AESHOSP,121,"AESHOSPwhen AESER=""4"""
AESLIFE,121,"AESLIFEwhen AESER=""2"""
AESMIE,121,"AESMIEwhen AESER=""8"""
AESOD,121,"AESODwhen AESER=""7"""
AESPID,121,"--SPID[AESPID, MHSPID]"
AESTDTC,121,"--STDTC[AESTDTC, MHSTDTC]"
AETERM,121,"--TERM[AETERM, MHTERM]"
EXISTING,121,PRE-EXISTING CONDITIONS AND STUDY ADVERSE EVENTS
MHENDTC,121,"--ENDTC[AEENDTC, MHENDTC]"
MHSEV,121,"--SEV [AESEV, MHSEV]"
MHSPID,121,"--SPID[AESPID, MHSPID]"
MHSTDTC,121,"--STDTC[AESTDTC, MHSTDTC]"
MHTERM,121,"--TERM[AETERM, MHTERM]"
VISIT,121,VISIT
VISITNUM,121,VISITNUM
AEENDTC,122,"--ENDTC[AEENDTC, MHENDTC]"
AEREL,122,AEREL
AESCAN,122,"AESCANwhen AESER=""6"""
AESCONG,122,"AESCONGwhen AESER=""5"""
AESDISAB,122,"AESDISABwhen AESER=""3"""
AESDTH,122,"AESDTHwhen AESER=""1"""
AESER,122,"AESDTHwhen AESER=""1"""
AESEV,122,AESEV
AESHOSP,122,"AESHOSPwhen AESER=""4"""
AESLIFE,122,"AESLIFEwhen AESER=""2"""
AESMIE,122,"AESMIEwhen AESER=""8"""
AESOD,122,"AESODwhen AESER=""7"""
AESPID,122,"--SPID[AESPID, MHSPID]"
AESTDTC,122,"--STDTC[AESTDTC, MHSTDTC]"
AETERM,122,"--TERM[AETERM, MHTERM]"
EXISTING,122,PRE-EXISTING CONDITIONS AND STUDY ADVERSE EVENTS
MHENDTC,122,"--ENDTC[AEENDTC, MHENDTC]"
MHSPID,122,"--SPID[AESPID, MHSPID]"
MHSTDTC,122,"--STDTC[AESTDTC, MHSTDTC]"
MHTERM,122,"--TERM[AETERM, MHTERM]"
VISITNUM,122,VISITNUM
AEENDTC,123,"--ENDTC[AEENDTC, MHENDTC]"
AEREL,123,AEREL
AESCAN,123,"AESCANwhen AESER=""6"""
AESCONG,123,"AESCONGwhen AESER=""5"""
AESDISAB,123,"AESDISABwhen AESER=""3"""
AESDTH,123,"AESDTHwhen AESER=""1"""
AESER,123,"AESDTHwhen AESER=""1"""
AESEV,123,AESEV
AESHOSP,123,"AESHOSPwhen AESER=""4"""
AESLIFE,123,"AESLIFEwhen AESER=""2"""
AESMIE,123,"AESMIEwhen AESER=""8"""
AESOD,123,"AESODwhen AESER=""7"""
AESPID,123,"--SPID[AESPID, MHSPID]"
AESTDTC,123,"--STDTC[AESTDTC, MHSTDTC]"
AETERM,123,"--TERM[AETERM, MHTERM]"
EXISTING,123,PRE-EXISTING CONDITIONS AND STUDY ADVERSE EVENTS
MHENDTC,123,"--ENDTC[AEENDTC, MHENDTC]"
MHSPID,123,"--SPID[AESPID, MHSPID]"
MHSTDTC,123,"--STDTC[AESTDTC, MHSTDTC]"
MHTERM,123,"--TERM[AETERM, MHTERM]"
VISITNUM,123,VISITNUM
AESPID,124,"CMINDCwhere CMINDC=MHSPID orwhere CMINDC=AESPID orwhen  CMINDC=""X1"" or when CMINDC=""X2"""
CMDOSE,124,CMDOSE
CMDOSFRQ,124,CMDOSFRQ
CMDOSU,124,CMDOSU
CMENDTC,124,CMENDTC
CMINDC,124,"CMINDCwhere CMINDC=MHSPID orwhere CMINDC=AESPID orwhen  CMINDC=""X1"" or when CMINDC=""X2"""
CMROUTE,124,CMROUTE
CMSTDTC,124,CMSTDTC
CMTRT,124,CMTRT
MHSPID,124,"CMINDCwhere CMINDC=MHSPID orwhere CMINDC=AESPID orwhen  CMINDC=""X1"" or when CMINDC=""X2"""
VISIT,124,VISIT
VISITNUM,124,VISITNUM
AESPID,125,"CMINDCwhere CMINDC=MHSPID orwhere CMINDC=AESPID orwhen  CMINDC=""X1"" or when CMINDC=""X2"""
CMDOSE,125,CMDOSE
CMDOSFRQ,125,CMDOSFRQ
CMDOSU,125,CMDOSU
CMENDTC,125,CMENDTC
CMINDC,125,"CMINDCwhere CMINDC=MHSPID orwhere CMINDC=AESPID orwhen  CMINDC=""X1"" or when CMINDC=""X2"""
CMROUTE,125,CMROUTE
CMSTDTC,125,CMSTDTC
CMTRT,125,CMTRT
MHSPID,125,"CMINDCwhere CMINDC=MHSPID orwhere CMINDC=AESPID orwhen  CMINDC=""X1"" or when CMINDC=""X2"""
VISIT,125,VISIT
VISITNUM,125,VISITNUM
AESPID,126,"CMINDCwhere CMINDC=MHSPID orwhere CMINDC=AESPID orwhen  CMINDC=""X1"" or when CMINDC=""X2"""
CMDOSE,126,CMDOSE
CMDOSFRQ,126,CMDOSFRQ
CMDOSU,126,CMDOSU
CMENDTC,126,CMENDTC
CMINDC,126,"CMINDCwhere CMINDC=MHSPID orwhere CMINDC=AESPID orwhen  CMINDC=""X1"" or when CMINDC=""X2"""
CMROUTE,126,CMROUTE
CMSTDTC,126,CMSTDTC
CMTRT,126,CMTRT
MHSPID,126,"CMINDCwhere CMINDC=MHSPID orwhere CMINDC=AESPID orwhen  CMINDC=""X1"" or when CMINDC=""X2"""
VISIT,126,VISIT
VISITNUM,126,VISITNUM
AEDTC,128,"--DTC [QSDTC, VSDTC, DSDTC, AEDTC, CMDTC]"
AESTDTC,128,"--STDTC [SVSTDTC, AESTDTC, EXSTDTC, DSSTDTC, VSSTDTC]"
CMDTC,128,"--DTC [QSDTC, VSDTC, DSDTC, AEDTC, CMDTC]"
DSDTC,128,"--DTC [QSDTC, VSDTC, DSDTC, AEDTC, CMDTC]"
DSSTDTC,128,"--STDTC [SVSTDTC, AESTDTC, EXSTDTC, DSSTDTC, VSSTDTC]"
EXSTDTC,128,"--STDTC [SVSTDTC, AESTDTC, EXSTDTC, DSSTDTC, VSSTDTC]"
QSDTC,128,"--DTC [QSDTC, VSDTC, DSDTC, AEDTC, CMDTC]"
SVSTDTC,128,"--STDTC [SVSTDTC, AESTDTC, EXSTDTC, DSSTDTC, VSSTDTC]"
VISIT,128,VISIT
VISITNUM,128,VISITNUM
VSDTC,128,"--DTC [QSDTC, VSDTC, DSDTC, AEDTC, CMDTC]"
VSSTDTC,128,"--STDTC [SVSTDTC, AESTDTC, EXSTDTC, DSSTDTC, VSSTDTC]"
EXTRAPYRAMIDAL,129,EXTRAPYRAMIDAL FINDINGS
QS572,130,QS572
QSCAT,130,"QSCATwhen QSCAT=""ALZHEIMER'S DISEASE ASSESSMENT SCALE"""
QSORRES,130,"QSORRESwhen QSTESTCD=""ACITM01"""
QSTESTCD,130,"QSTESTCDwhen QSTESTCD=""ACITM01"""
SCALE,130,"QSCATwhen QSCAT=""ALZHEIMER'S DISEASE ASSESSMENT SCALE"""
QSCAT,131,"QSCATwhen QSCAT=""CLINICIAN'S INTERVIEW-BASED IMPRESSION OF CHANGE (CIBIC+)"""
QSORRES,131,"QSORRESwhen QSTESTCD=""CIBIC+"""
QSTESTCD,131,"QSTESTCDwhen QSTESTCD=""CIBIC+"""
QS570,132,QS570
QSCAT,132,"QSCATwhen QSCAT=""NEUROPSYCHIATRIC INVENTORY - REVISED (NPI-X)"""
QSORRES,132,"QSORRESwhen QSTESTCD=""NPITM02"""
QSSCAT,132,"QSSCATwhen QSCAT=""NEUROPSYCHIATRIC INVENTORY - REVISED (NPI-X)"" andwhen QSSCAT=""DELUSIONS"" andwhen QSTESTCD=""NPITM02"" or when QSTESTCD=""NPITM03"" or when QSTESTCD=""NPITM04"" orwhen QSTESTCD=""NPITM05"""
QSTESTCD,132,"QSTESTCDwhen QSTESTCD=""NPITM02"""
DAD10,133,"QSTESTCDwhen QSTESTCD=""DAD10"""
DAD11,133,"QSTESTCDwhen QSTESTCD=""DAD11"""
DAD12,133,"QSORRESwhen QSTESTCD=""DAD12"""
DAD13,133,"QSTESTCDwhen QSTESTCD=""DAD13"""
DAD14,133,"QSTESTCDwhen QSTESTCD=""DAD14"""
DAD15,133,"QSORRESwhen QSTESTCD=""DAD15"""
DAD16,133,"QSORRESwhen QSTESTCD=""DAD16"""
DAD17,133,"QSORRESwhen QSTESTCD=""DAD17"""
DAD18,133,"QSORRESwhen QSTESTCD=""DAD18"""
DAD19,133,"QSORRESwhen QSTESTCD=""DAD19"""
DAD20,133,"QSORRESwhen QSTESTCD=""DAD20"""
PREPARATION,133,"QSSCATwhen QSSCAT=""MEAL PREPARATION"""
QS571,133,QS571
QSCAT,133,"QSCATwhen QSCAT=""DISABILITY ASSESSMENT FOR DEMENTIA (DAD)"""
QSORRES,133,"QSORRESwhen QSTESTCD=""DAD1"""
QSSCAT,133,"QSSCATwhen QSSCAT=""HYGIENE"""
QSTESTCD,133,"QSTESTCDwhen QSTESTCD=""DAD1"""
SCORING,133,SCORING:
DAD21,134,"QSORRESwhen QSTESTCD=""DAD21"""
DAD22,134,"QSTESTCDwhen QSTESTCD=""DAD22"""
DAD23,134,"QSTESTCDwhen QSTESTCD=""DAD23"""
DAD24,134,"QSTESTCDwhen QSTESTCD=""DAD24"""
DAD25,134,"QSTESTCDwhen QSTESTCD=""DAD25"""
DAD26,134,"QSTESTCDwhen QSTESTCD=""DAD26"""
DAD27,134,"QSTESTCDwhen QSTESTCD=""DAD27"""
DAD28,134,"QSTESTCDwhen QSTESTCD=""DAD28"""
DAD29,134,"QSTESTCDwhen QSTESTCD=""DAD29"""
DAD30,134,"QSTESTCDwhen QSTESTCD=""DAD30"""
DAD31,134,"QSTESTCDwhen QSTESTCD=""DAD31"""
DAD32,134,"QSTESTCDwhen QSTESTCD=""DAD32"""
DAD33,134,"QSTESTCDwhen QSTESTCD=""DAD33"""
DAD34,134,"QSTESTCDwhen QSTESTCD=""DAD34"""
DAD35,134,"QSTESTCDwhen QSTESTCD=""DAD35"""
DAD36,134,"QSTESTCDwhen QSTESTCD=""DAD36"""
DAD37,134,"QSTESTCDwhen QSTESTCD=""DAD37"""
DAD38,134,"QSTESTCDwhen QSTESTCD=""DAD38"""
DAD39,134,"QSTESTCDwhen QSTESTCD=""DAD39"""
DAD40,134,"QSTESTCDwhen QSTESTCD=""DAD40"""
HOUSEWORK,134,"QSSCATwhen QSSCAT=""LEISURE AND HOUSEWORK"""
QS571,134,QS571
QSORRES,134,"QSORRESwhen QSTESTCD=""DAD21"""
QSSCAT,134,"QSSCATwhen QSSCAT=""TELEPHONING"""
QSTESTCD,134,"QSORRESwhen QSTESTCD=""DAD21"""
SCORING,134,SCORING:
TELEPHONING,134,"QSSCATwhen QSSCAT=""TELEPHONING"""
PE30301,135,"PE30301, VS31109, VS303"
PRESSURE,135,HEART RATE AND BLOOD PRESSURE
TEMPERATURE,135,VITAL SIGNS : TEMPERATURE
VS303,135,"PE30301, VS31109, VS303"
VS31109,135,"PE30301, VS31109, VS303"
VSLOC,135,"VSLOCwhen VSTESTCD=""TEMP"""
VSORRES,135,"VSORRESwhen VSTESTCD=""WEIGHT"""
VSORRESU,135,"VSORRESUwhen VSTESTCD=""WEIGHT"""
VSPOS,135,VSPOS
VSTESTCD,135,"VSTESTCDwhen VSTESTCD=""WEIGHT"""
VSTPT,135,VSTPT
VSTPTNUM,135,VSTPTNUM
CM30503,136,"EG301, CM30503"
EG301,136,"EG301, CM30503"
EXENDTC,138,EXENDTC
AESPID,139,"AESPID when DSTERM=""ADVERSE EVENT"" consequently AE records exist in RELREC"
DSDECOD,139,"DSDECOD = ""PERSONAL CONFLICT OR OTHER PATIENT/CAREGIVER DECISION"
DSSTDTC,139,DSSTDTC
DSTERM,139,"DSTERM = ""PROTOCOL COMPLETED"""
PERCEPTION,139,"DSTERM = ""LACK OF EFFICACY, PATIENT CAREGIVER PERCEPTION"""
PERSONAL,139,"DSDECOD = ""PERSONAL CONFLICT OR OTHER PATIENT/CAREGIVER DECISION"
PRIMARY,139,CHECK ONE PRIMARY REASON FOR ENDING PARTICIPATION IN THE STUDY
PROTOCOL,139,"DSTERM = ""PROTOCOL COMPLETED"""
SUMMARY,139,PATIENT SUMMARY
SUPPDS,139,"SUPPDS.QVAL when DSTERM=""PROTOCOL ENTRY CRITERIA NOT MET"""
CM30502,140,CM30502
SUMMARY,140,COMMENTS : STUDY SUMMARY
DAITM01,156,"QSTESTCDwhen QSTESTCD=""DAITM01"""
DAITM010,156,"QSTESTCDwhen QSTESTCD=""DAITM010"""
DAITM011,156,"QSTESTCDwhen QSTESTCD=""DAITM011"""
DAITM012,156,"QSORRESwhen QSTESTCD=""DAITM012"""
DAITM013,156,"QSTESTCDwhen QSTESTCD=""DAITM013"""
DAITM014,156,"QSTESTCDwhen QSTESTCD=""DAITM014"""
DAITM015,156,"QSORRESwhen QSTESTCD=""DAITM015"""
DAITM016,156,"QSORRESwhen QSTESTCD=""DAITM016"""
DAITM017,156,"QSORRESwhen QSTESTCD=""DAITM017"""
DAITM018,156,"QSORRESwhen QSTESTCD=""DAITM018"""
DAITM019,156,"QSORRESwhen QSTESTCD=""DAITM019"""
DAITM02,156,"QSTESTCDwhen QSTESTCD=""DAITM02"""
DAITM020,156,"QSORRESwhen QSTESTCD=""DAITM020"""
DAITM03,156,"QSTESTCDwhen QSTESTCD=""DAITM03"""
DAITM04,156,"QSTESTCDwhen QSTESTCD=""DAITM04"""
DAITM05,156,"QSTESTCDwhen QSTESTCD=""DAITM05"""
DAITM06,156,"QSTESTCDwhen QSTESTCD=""DAITM06"""
DAITM07,156,"QSTESTCDwhen QSTESTCD=""DAITM07"""
DAITM08,156,"QSTESTCDwhen QSTESTCD=""DAITM08"""
DAITM09,156,"QSORRESwhen QSTESTCD=""DAITM09"""
PREPARATION,156,"QSSCATwhen QSSCAT=""MEAL PREPARATION"""
QSCAT,156,"QSCATwhen QSCAT=""DISABILITY ASSESSMENT FOR DEMENTIA (DAD)"""
QSORRES,156,"QSORRESwhen QSTESTCD=""DAITM01"""
QSSCAT,156,"QSSCATwhen QSSCAT=""HYGIENE"""
QSTESTCD,156,"QSTESTCDwhen QSTESTCD=""DAITM01"""
SCORING,156,SCORING:
DAITM021,157,"QSORRESwhen QSTESTCD=""DAITM021"""
DAITM022,157,"QSTESTCDwhen QSTESTCD=""DAITM022"""
DAITM023,157,"QSTESTCDwhen QSTESTCD=""DAITM023"""
DAITM024,157,"QSTESTCDwhen QSTESTCD=""DAITM024"""
DAITM025,157,"QSTESTCDwhen QSTESTCD=""DAITM025"""
DAITM026,157,"QSTESTCDwhen QSTESTCD=""DAITM026"""
DAITM027,157,"QSTESTCDwhen QSTESTCD=""DAITM027"""
DAITM028,157,"QSTESTCDwhen QSTESTCD=""DAITM028"""
DAITM029,157,"QSTESTCDwhen QSTESTCD=""DAITM029"""
DAITM030,157,"QSTESTCDwhen QSTESTCD=""DAITM030"""
DAITM031,157,"QSTESTCDwhen QSTESTCD=""DAITM031"""
DAITM032,157,"QSTESTCDwhen QSTESTCD=""DAITM032"""
DAITM033,157,"QSTESTCDwhen QSTESTCD=""DAITM033"""
DAITM034,157,"QSTESTCDwhen QSTESTCD=""DAITM034"""
DAITM035,157,"QSTESTCDwhen QSTESTCD=""DAITM035"""
DAITM036,157,"QSTESTCDwhen QSTESTCD=""DAITM036"""
DAITM037,157,"QSTESTCDwhen QSTESTCD=""DAITM037"""
DAITM038,157,"QSTESTCDwhen QSTESTCD=""DAITM038"""
DAITM039,157,"QSTESTCDwhen QSTESTCD=""DAITM039"""
DAITM040,157,"QSTESTCDwhen QSTESTCD=""DAITM040"""
HOUSEWORK,157,"QSSCATwhen QSSCAT=""LEISURE AND HOUSEWORK"""
QSORRES,157,"QSORRESwhen QSTESTCD=""DAITM021"""
QSSCAT,157,"QSSCATwhen QSSCAT=""TELEPHONING"""
QSTESTCD,157,"QSORRESwhen QSTESTCD=""DAITM021"""
SCORING,157,SCORING:
TELEPHONING,157,"QSSCATwhen QSSCAT=""TELEPHONING"""
